08fae3d2-a024-45be-99f2-5b17a1b77ce1,130,d8f21f60bcd247a9b66463498e6030751694575521555,
42d92583-f9c1-4c25-aaaa-0eed4f050d09,129,3008fbf41a2a451ca8e3033ecdf362211694575520176,
dc735ac7-acd8-4374-b727-c2b3e721cc2f,128,8d0415a1bb774aa4a47350991567a4c01694575518553,
0b7284dc-998f-4fe5-b676-b7252cf4d133,127,80c0ad9e8bb2441981e114affd66fe401694575517202,
17e7bfbb-a3e3-4ec6-946d-67289f774b01,126,2151e8f3f7414831a05227085b86ca3f1694575515533,
55514bd6-7038-4c6c-9893-975ad002d750,125,046c31c3d361463481e8d85600c52e471694575514148,
d7885590-1910-41b3-85b0-2518c5c528de,124,3a0d0ef637b84b508fa9086ff5e558621694575512759,
243a683a-de50-42d2-9b64-0ee7fca62827,123,02b6335492b246e9a56e9f644e9eaf601694575511294,
98a622bd-addf-4c9a-800e-387397855494,122,de972370fe15444291b108e9a22f05d11694575509587,
2e1a4a36-8ecb-49ac-b2ec-7262a4c9adf3,121,88660a2fba4d4b4984db055ca3482ff71694575508239,
6399d65d-6b46-44e4-93c7-33e45153f668,120,6153241dcdc34e3b98d20bbc58e4ce9b1694575506610,
b65bd707-6462-44f5-9d62-e2731a30b2af,119,f66658e59e594e4a8c6bc337890d41031694575505257,
d5a70c39-58a4-467c-a394-9d5fe524ffc4,118,76e9dba7271b44bc9f698b669155029a1694575503812,
52b11645-7163-4f0e-8487-117b5fc98e7d,117,12b5c5808f3c45d8b070fa0e917d84641694575502314,
76740ee9-1a79-4648-bb47-5a092fa80e1d,116,60dc246f985944c2818ea0b264e8c2bf1694575500854,
626e6a4f-4db7-4e46-bffa-4ef57a900306,115,538b726fcae8442989bf8613bed411da1694575499419,
4bbb2d27-9b52-4da8-8f48-63dccf691df1,114,8b2315a1df4b437380d210378d3d71a71694575497823,
48698808-2ac2-458e-9c28-08c5ca06681d,112,f4990932e2d240dc91ef11c09c7f38311694575495920,
01291948-fafc-410d-9255-0cf3177968b3,113,5704a67dceb044f59a2311b6dd01e7801694575496389,
baac1896-1b50-4eb3-85d5-0e9310a2c0c1,111,7373d84ad98c49cea04496cf8f39f3ec1694575494374,
500e1dfa-28a7-4651-a250-60f00c90374d,110,603cb54f55b04783b9e65d2a7357d4d01694575406328,
d30653ac-8be7-4045-ac35-34195fb4c9fc,108,e163aedf4ac148939c9df2ede1cfb0e31694575166816,
